filename,class,predicted_class,predicted_PC1,predicted_PC2
AHMEUR_BOU_AHMEUR_ab_1.png,AHMEUR_BOU_AHMEUR_ab,rootstock,0.02679159,-0.021587074
AHMEUR_BOU_AHMEUR_ab_10.png,AHMEUR_BOU_AHMEUR_ab,rootstock,0.049082108,-0.008266792
AHMEUR_BOU_AHMEUR_ab_11.png,AHMEUR_BOU_AHMEUR_ab,algeria,0.030490113,-0.00997341
AHMEUR_BOU_AHMEUR_ab_12.png,AHMEUR_BOU_AHMEUR_ab,rootstock,0.083617814,-0.0145953195
AHMEUR_BOU_AHMEUR_ab_13.png,AHMEUR_BOU_AHMEUR_ab,rootstock,0.045033827,-0.018924734
AHMEUR_BOU_AHMEUR_ab_14.png,AHMEUR_BOU_AHMEUR_ab,wild,0.039857935,0.029700905
AHMEUR_BOU_AHMEUR_ab_15.png,AHMEUR_BOU_AHMEUR_ab,rootstock,0.09857492,0.0021506203
AHMEUR_BOU_AHMEUR_ab_16.png,AHMEUR_BOU_AHMEUR_ab,rootstock,-0.00092111534,-0.029164828
AHMEUR_BOU_AHMEUR_ab_17.png,AHMEUR_BOU_AHMEUR_ab,vinifera,0.032250293,-0.011667193
AHMEUR_BOU_AHMEUR_ab_18.png,AHMEUR_BOU_AHMEUR_ab,vinifera,0.009119364,-0.021478714
AHMEUR_BOU_AHMEUR_ab_19.png,AHMEUR_BOU_AHMEUR_ab,rootstock,0.07438193,-0.010627721
AHMEUR_BOU_AHMEUR_ab_2.png,AHMEUR_BOU_AHMEUR_ab,vinifera,0.012011926,-0.025197146
AHMEUR_BOU_AHMEUR_ab_20.png,AHMEUR_BOU_AHMEUR_ab,rootstock,0.07424054,-0.022193668
AHMEUR_BOU_AHMEUR_ab_21.png,AHMEUR_BOU_AHMEUR_ab,rootstock,0.06546803,-0.00400342
AHMEUR_BOU_AHMEUR_ab_22.png,AHMEUR_BOU_AHMEUR_ab,rootstock,0.07248783,-0.014498859
AHMEUR_BOU_AHMEUR_ab_23.png,AHMEUR_BOU_AHMEUR_ab,wild,0.076002866,-0.018713595
AHMEUR_BOU_AHMEUR_ab_24.png,AHMEUR_BOU_AHMEUR_ab,vinifera,0.019340083,-0.027477054
AHMEUR_BOU_AHMEUR_ab_25.png,AHMEUR_BOU_AHMEUR_ab,vinifera,-0.021268224,-0.018734537
AHMEUR_BOU_AHMEUR_ab_26.png,AHMEUR_BOU_AHMEUR_ab,rootstock,0.05915844,-0.025018856
AHMEUR_BOU_AHMEUR_ab_27.png,AHMEUR_BOU_AHMEUR_ab,rootstock,0.023735331,-0.024811104
AHMEUR_BOU_AHMEUR_ab_28.png,AHMEUR_BOU_AHMEUR_ab,rootstock,0.06473229,-0.0045852354
AHMEUR_BOU_AHMEUR_ab_29.png,AHMEUR_BOU_AHMEUR_ab,rootstock,0.086876616,-0.013188258
AHMEUR_BOU_AHMEUR_ab_3.png,AHMEUR_BOU_AHMEUR_ab,wild,0.028270762,-0.006358459
AHMEUR_BOU_AHMEUR_ab_30.png,AHMEUR_BOU_AHMEUR_ab,rootstock,0.08563049,-0.014044506
AHMEUR_BOU_AHMEUR_ab_31.png,AHMEUR_BOU_AHMEUR_ab,rootstock,-0.0012364562,-0.017057734
AHMEUR_BOU_AHMEUR_ab_32.png,AHMEUR_BOU_AHMEUR_ab,rootstock,0.0815659,-0.014855997
AHMEUR_BOU_AHMEUR_ab_33.png,AHMEUR_BOU_AHMEUR_ab,wild,0.052200273,0.012406107
AHMEUR_BOU_AHMEUR_ab_34.png,AHMEUR_BOU_AHMEUR_ab,rootstock,0.07903194,-0.01358852
AHMEUR_BOU_AHMEUR_ab_35.png,AHMEUR_BOU_AHMEUR_ab,vinifera,0.020616539,-0.051266655
AHMEUR_BOU_AHMEUR_ab_36.png,AHMEUR_BOU_AHMEUR_ab,rootstock,0.06565993,-0.007311527
AHMEUR_BOU_AHMEUR_ab_37.png,AHMEUR_BOU_AHMEUR_ab,wild,0.045727815,0.029859154
AHMEUR_BOU_AHMEUR_ab_38.png,AHMEUR_BOU_AHMEUR_ab,vinifera,-0.007568998,-0.01632101
AHMEUR_BOU_AHMEUR_ab_39.png,AHMEUR_BOU_AHMEUR_ab,rootstock,0.041634377,-0.00811609
AHMEUR_BOU_AHMEUR_ab_4.png,AHMEUR_BOU_AHMEUR_ab,wild,0.0042704847,0.015635816
AHMEUR_BOU_AHMEUR_ab_40.png,AHMEUR_BOU_AHMEUR_ab,vinifera,0.024337158,-0.037184145
AHMEUR_BOU_AHMEUR_ab_41.png,AHMEUR_BOU_AHMEUR_ab,rootstock,0.026461119,-0.026665714
AHMEUR_BOU_AHMEUR_ab_42.png,AHMEUR_BOU_AHMEUR_ab,rootstock,0.1033541,-0.032053106
AHMEUR_BOU_AHMEUR_ab_43.png,AHMEUR_BOU_AHMEUR_ab,vinifera,0.018590922,-0.016103005
AHMEUR_BOU_AHMEUR_ab_44.png,AHMEUR_BOU_AHMEUR_ab,rootstock,0.09960433,-0.019055108
AHMEUR_BOU_AHMEUR_ab_45.png,AHMEUR_BOU_AHMEUR_ab,vinifera,0.05090309,-0.026636422
AHMEUR_BOU_AHMEUR_ab_46.png,AHMEUR_BOU_AHMEUR_ab,rootstock,0.051482316,-0.008660204
AHMEUR_BOU_AHMEUR_ab_47.png,AHMEUR_BOU_AHMEUR_ab,rootstock,0.059572715,-0.0038576883
AHMEUR_BOU_AHMEUR_ab_48.png,AHMEUR_BOU_AHMEUR_ab,rootstock,0.03583023,-0.011394442
AHMEUR_BOU_AHMEUR_ab_49.png,AHMEUR_BOU_AHMEUR_ab,vinifera,-0.0027165555,-0.036985263
AHMEUR_BOU_AHMEUR_ab_5.png,AHMEUR_BOU_AHMEUR_ab,wild,0.037058186,0.026596136
AHMEUR_BOU_AHMEUR_ab_50.png,AHMEUR_BOU_AHMEUR_ab,wild,0.0146782305,0.005753163
AHMEUR_BOU_AHMEUR_ab_51.png,AHMEUR_BOU_AHMEUR_ab,rootstock,0.031975158,-0.029159063
AHMEUR_BOU_AHMEUR_ab_6.png,AHMEUR_BOU_AHMEUR_ab,vinifera,0.008542177,-0.044422023
AHMEUR_BOU_AHMEUR_ab_7.png,AHMEUR_BOU_AHMEUR_ab,rootstock,0.043524634,-0.025606025
AHMEUR_BOU_AHMEUR_ab_8.png,AHMEUR_BOU_AHMEUR_ab,wild,0.033092216,-0.016915845
AHMEUR_BOU_AHMEUR_ab_9.png,AHMEUR_BOU_AHMEUR_ab,wild,0.062465392,-0.011611358
AMER_BOUAMAR_ab_1.png,AMER_BOUAMAR_ab,algeria,0.040710386,-0.026028292
AMER_BOUAMAR_ab_10.png,AMER_BOUAMAR_ab,algeria,0.0327844,-0.019431798
AMER_BOUAMAR_ab_11.png,AMER_BOUAMAR_ab,algeria,0.040710386,-0.026028292
AMER_BOUAMAR_ab_12.png,AMER_BOUAMAR_ab,vinifera,0.014688551,-0.022721222
AMER_BOUAMAR_ab_13.png,AMER_BOUAMAR_ab,algeria,0.040710386,-0.026028292
AMER_BOUAMAR_ab_14.png,AMER_BOUAMAR_ab,rootstock,0.020478573,-0.01557471
AMER_BOUAMAR_ab_15.png,AMER_BOUAMAR_ab,rootstock,0.031719837,-0.0034428518
AMER_BOUAMAR_ab_16.png,AMER_BOUAMAR_ab,rootstock,0.06696585,-0.0022639562
AMER_BOUAMAR_ab_17.png,AMER_BOUAMAR_ab,algeria,0.040710386,-0.026028292
AMER_BOUAMAR_ab_18.png,AMER_BOUAMAR_ab,algeria,0.040710386,-0.026028292
AMER_BOUAMAR_ab_19.png,AMER_BOUAMAR_ab,wild,0.06115373,-0.008952433
AMER_BOUAMAR_ab_2.png,AMER_BOUAMAR_ab,wild,0.028152462,-0.00016813011
AMER_BOUAMAR_ab_20.png,AMER_BOUAMAR_ab,wild,0.05570538,0.011525683
AMER_BOUAMAR_ab_21.png,AMER_BOUAMAR_ab,vinifera,-0.0013042485,-0.0026894165
AMER_BOUAMAR_ab_22.png,AMER_BOUAMAR_ab,wild,0.08332707,-0.009609554
AMER_BOUAMAR_ab_23.png,AMER_BOUAMAR_ab,algeria,0.0379735,-0.012869145
AMER_BOUAMAR_ab_24.png,AMER_BOUAMAR_ab,algeria,0.01564606,-0.005852232
AMER_BOUAMAR_ab_25.png,AMER_BOUAMAR_ab,wild,0.09441806,-0.0004006679
AMER_BOUAMAR_ab_26.png,AMER_BOUAMAR_ab,rootstock,0.0663808,-0.013722062
AMER_BOUAMAR_ab_27.png,AMER_BOUAMAR_ab,rootstock,0.035619594,-0.016500916
AMER_BOUAMAR_ab_3.png,AMER_BOUAMAR_ab,algeria,0.048337277,-0.017164756
AMER_BOUAMAR_ab_4.png,AMER_BOUAMAR_ab,vinifera,0.009391722,-0.018517371
AMER_BOUAMAR_ab_6.png,AMER_BOUAMAR_ab,wild,0.08182422,-0.020815196
AMER_BOUAMAR_ab_7.png,AMER_BOUAMAR_ab,rootstock,0.016636489,-0.015150419
AMER_BOUAMAR_ab_8.png,AMER_BOUAMAR_ab,wild,0.016422177,0.015784802
AMER_BOUAMAR_ab_9.png,AMER_BOUAMAR_ab,algeria,0.0014392697,-0.005244685
AMER_BOUAMAR_ad_1.png,AMER_BOUAMAR_ad,vinifera,-0.006482759,-0.01275224
AMER_BOUAMAR_ad_10.png,AMER_BOUAMAR_ad,rootstock,0.07523556,-0.01837099
AMER_BOUAMAR_ad_11.png,AMER_BOUAMAR_ad,vinifera,0.0461195,-0.017483536
AMER_BOUAMAR_ad_12.png,AMER_BOUAMAR_ad,algeria,0.054485638,-0.024098778
AMER_BOUAMAR_ad_13.png,AMER_BOUAMAR_ad,vinifera,0.024915654,-0.022054799
AMER_BOUAMAR_ad_14.png,AMER_BOUAMAR_ad,vinifera,0.027018422,-0.028741045
AMER_BOUAMAR_ad_15.png,AMER_BOUAMAR_ad,algeria,0.012117361,-0.008261755
AMER_BOUAMAR_ad_16.png,AMER_BOUAMAR_ad,algeria,0.02898584,-0.010038788
AMER_BOUAMAR_ad_17.png,AMER_BOUAMAR_ad,rootstock,0.056764476,-0.006313605
AMER_BOUAMAR_ad_18.png,AMER_BOUAMAR_ad,algeria,0.02687259,-0.012721475
AMER_BOUAMAR_ad_19.png,AMER_BOUAMAR_ad,algeria,0.041099872,-0.02624941
AMER_BOUAMAR_ad_2.png,AMER_BOUAMAR_ad,algeria,0.04936082,-0.014044094
AMER_BOUAMAR_ad_20.png,AMER_BOUAMAR_ad,vinifera,0.022944788,-0.016227717
AMER_BOUAMAR_ad_21.png,AMER_BOUAMAR_ad,rootstock,0.09138189,-0.020657487
AMER_BOUAMAR_ad_22.png,AMER_BOUAMAR_ad,rootstock,0.06729546,-0.01785289
AMER_BOUAMAR_ad_23.png,AMER_BOUAMAR_ad,wild,0.0217998,-0.00024841668
AMER_BOUAMAR_ad_24.png,AMER_BOUAMAR_ad,rootstock,0.0013224832,-0.0038359633
AMER_BOUAMAR_ad_25.png,AMER_BOUAMAR_ad,rootstock,0.07767929,-0.030290926
AMER_BOUAMAR_ad_26.png,AMER_BOUAMAR_ad,rootstock,0.06521631,-0.02648795
AMER_BOUAMAR_ad_27.png,AMER_BOUAMAR_ad,wild,0.034114636,-0.015237356
AMER_BOUAMAR_ad_3.png,AMER_BOUAMAR_ad,rootstock,0.05823761,-0.03137441
AMER_BOUAMAR_ad_4.png,AMER_BOUAMAR_ad,algeria,0.040143345,-0.009839478
AMER_BOUAMAR_ad_5.png,AMER_BOUAMAR_ad,rootstock,0.060232718,-0.007831906
AMER_BOUAMAR_ad_6.png,AMER_BOUAMAR_ad,vinifera,0.031794034,-0.012280799
AMER_BOUAMAR_ad_7.png,AMER_BOUAMAR_ad,algeria,0.03167739,-0.016217994
AMER_BOUAMAR_ad_8.png,AMER_BOUAMAR_ad,wild,0.05283846,0.0022949642
BABARI_ab_1.png,BABARI_ab,rootstock,0.05879407,-0.017257879
BABARI_ab_10.png,BABARI_ab,vinifera,-0.015560759,-0.014448722
BABARI_ab_11.png,BABARI_ab,rootstock,0.038264792,-0.012016192
BABARI_ab_12.png,BABARI_ab,rootstock,0.03525497,-0.013183943
BABARI_ab_13.png,BABARI_ab,vinifera,0.02570744,-0.018842759
BABARI_ab_14.png,BABARI_ab,rootstock,0.09643979,-0.034525424
BABARI_ab_15.png,BABARI_ab,algeria,0.040710386,-0.026028292
BABARI_ab_16.png,BABARI_ab,rootstock,0.025506588,-0.012177073
BABARI_ab_17.png,BABARI_ab,rootstock,0.04786143,-0.007135674
BABARI_ab_18.png,BABARI_ab,wild,0.04145699,0.00069833396
BABARI_ab_19.png,BABARI_ab,rootstock,0.03900344,-0.018717231
BABARI_ab_2.png,BABARI_ab,rootstock,0.034631245,-0.018788284
BABARI_ab_20.png,BABARI_ab,rootstock,0.023496086,-0.021010771
BABARI_ab_21.png,BABARI_ab,rootstock,0.07711985,-0.0085564805
BABARI_ab_22.png,BABARI_ab,wild,0.08215873,-0.011744513
BABARI_ab_23.png,BABARI_ab,rootstock,0.056180272,-0.005672078
BABARI_ab_24.png,BABARI_ab,wild,0.043146107,-0.011811915
BABARI_ab_25.png,BABARI_ab,rootstock,0.05313899,-0.0051963404
BABARI_ab_26.png,BABARI_ab,rootstock,0.08414746,-0.016528198
BABARI_ab_4.png,BABARI_ab,wild,0.08070841,0.02971047
BABARI_ab_5.png,BABARI_ab,rootstock,0.05398574,-0.0070253517
BABARI_ab_6.png,BABARI_ab,rootstock,0.017062452,-0.025559526
BABARI_ab_7.png,BABARI_ab,rootstock,0.07634671,-0.013300976
BABARI_ab_8.png,BABARI_ab,wild,0.10031388,-0.018218458
BABARI_ab_9.png,BABARI_ab,dissected,0.03507549,-0.00052674173
BABARI_ad_1.png,BABARI_ad,rootstock,0.065150976,-0.01153649
BABARI_ad_10.png,BABARI_ad,rootstock,0.060309343,-0.006822715
BABARI_ad_11.png,BABARI_ad,rootstock,0.058347628,-0.01366908
BABARI_ad_12.png,BABARI_ad,rootstock,0.095898494,-0.014714871
BABARI_ad_13.png,BABARI_ad,rootstock,0.035947982,-0.021495268
BABARI_ad_14.png,BABARI_ad,rootstock,0.062065974,-0.015344764
BABARI_ad_15.png,BABARI_ad,vinifera,-0.009342976,-0.015639622
BABARI_ad_16.png,BABARI_ad,rootstock,0.03318267,-0.021790525
BABARI_ad_17.png,BABARI_ad,vinifera,0.0318329,-0.024279943
BABARI_ad_18.png,BABARI_ad,rootstock,0.0073144077,-0.01952466
BABARI_ad_19.png,BABARI_ad,rootstock,0.08188711,-0.016758751
BABARI_ad_2.png,BABARI_ad,rootstock,0.07584547,-0.0119949095
BABARI_ad_20.png,BABARI_ad,rootstock,0.049246836,-0.016824335
BABARI_ad_21.png,BABARI_ad,rootstock,0.05045917,-0.015144602
BABARI_ad_22.png,BABARI_ad,wild,0.07804448,-0.012695461
BABARI_ad_23.png,BABARI_ad,dissected,0.015292307,0.00062885374
BABARI_ad_24.png,BABARI_ad,rootstock,0.07428916,-0.017987788
BABARI_ad_25.png,BABARI_ad,rootstock,0.09724688,-0.0141731715
BABARI_ad_26.png,BABARI_ad,rootstock,0.099609785,-0.02188936
BABARI_ad_3.png,BABARI_ad,rootstock,0.033859782,-0.021545272
BABARI_ad_4.png,BABARI_ad,rootstock,0.018667094,-0.02262073
BABARI_ad_6.png,BABARI_ad,vinifera,0.0048038336,-0.005685798
BABARI_ad_7.png,BABARI_ad,vinifera,0.0309463,-0.012651116
BABARI_ad_8.png,BABARI_ad,rootstock,0.05238447,-0.02211986
BABARI_ad_9.png,BABARI_ad,vinifera,0.024423584,-0.041438043
BOUABANE_DES_AURES_ab_1.png,BOUABANE_DES_AURES_ab,rootstock,0.07712277,-0.014047312
BOUABANE_DES_AURES_ab_10.png,BOUABANE_DES_AURES_ab,vinifera,0.0010296714,-0.010878505
BOUABANE_DES_AURES_ab_11.png,BOUABANE_DES_AURES_ab,vinifera,-0.025931118,-0.012534259
BOUABANE_DES_AURES_ab_12.png,BOUABANE_DES_AURES_ab,wild,0.08795508,-0.0023625076
BOUABANE_DES_AURES_ab_13.png,BOUABANE_DES_AURES_ab,rootstock,0.04809992,-0.009034401
BOUABANE_DES_AURES_ab_14.png,BOUABANE_DES_AURES_ab,rootstock,0.056208525,-0.022916874
BOUABANE_DES_AURES_ab_15.png,BOUABANE_DES_AURES_ab,vinifera,0.014427572,-0.017111579
BOUABANE_DES_AURES_ab_16.png,BOUABANE_DES_AURES_ab,rootstock,0.08163013,-0.013847405
BOUABANE_DES_AURES_ab_17.png,BOUABANE_DES_AURES_ab,vinifera,0.016416324,-0.021850713
BOUABANE_DES_AURES_ab_18.png,BOUABANE_DES_AURES_ab,algeria,0.018911736,-0.009840133
BOUABANE_DES_AURES_ab_19.png,BOUABANE_DES_AURES_ab,rootstock,0.015742632,-0.0072315545
BOUABANE_DES_AURES_ab_2.png,BOUABANE_DES_AURES_ab,vinifera,-0.00076676684,-0.026738733
BOUABANE_DES_AURES_ab_20.png,BOUABANE_DES_AURES_ab,vinifera,0.021363746,-0.021480989
BOUABANE_DES_AURES_ab_21.png,BOUABANE_DES_AURES_ab,rootstock,0.062144283,-0.031339202
BOUABANE_DES_AURES_ab_22.png,BOUABANE_DES_AURES_ab,rootstock,0.054423094,-0.0066829645
BOUABANE_DES_AURES_ab_23.png,BOUABANE_DES_AURES_ab,rootstock,0.061675478,-0.0017072585
BOUABANE_DES_AURES_ab_24.png,BOUABANE_DES_AURES_ab,vinifera,-0.029926557,-0.0152933
BOUABANE_DES_AURES_ab_25.png,BOUABANE_DES_AURES_ab,wild,0.04486563,-0.0120594455
BOUABANE_DES_AURES_ab_26.png,BOUABANE_DES_AURES_ab,rootstock,0.051551566,-0.005783535
BOUABANE_DES_AURES_ab_27.png,BOUABANE_DES_AURES_ab,rootstock,0.096094735,-0.013471506
BOUABANE_DES_AURES_ab_3.png,BOUABANE_DES_AURES_ab,rootstock,0.048033893,-0.018048352
BOUABANE_DES_AURES_ab_4.png,BOUABANE_DES_AURES_ab,vinifera,-0.007027513,0.0011401643
BOUABANE_DES_AURES_ab_6.png,BOUABANE_DES_AURES_ab,vinifera,0.024023533,-0.022891156
BOUABANE_DES_AURES_ab_7.png,BOUABANE_DES_AURES_ab,vinifera,0.02262631,-0.020265633
BOUABANE_DES_AURES_ab_8.png,BOUABANE_DES_AURES_ab,rootstock,0.08045789,-0.0088972375
BOUABANE_DES_AURES_ab_9.png,BOUABANE_DES_AURES_ab,rootstock,0.050168157,-0.007442887
BOUABANE_DES_AURES_ad_1.png,BOUABANE_DES_AURES_ad,algeria,-0.004279803,-0.00901605
BOUABANE_DES_AURES_ad_10.png,BOUABANE_DES_AURES_ad,wild,0.04768308,-0.017000925
BOUABANE_DES_AURES_ad_11.png,BOUABANE_DES_AURES_ad,vinifera,0.026792543,-0.031891618
BOUABANE_DES_AURES_ad_12.png,BOUABANE_DES_AURES_ad,vinifera,0.012294062,-0.027477331
BOUABANE_DES_AURES_ad_13.png,BOUABANE_DES_AURES_ad,rootstock,0.028034836,-0.03400029
BOUABANE_DES_AURES_ad_14.png,BOUABANE_DES_AURES_ad,rootstock,0.017443182,-0.01419214
BOUABANE_DES_AURES_ad_15.png,BOUABANE_DES_AURES_ad,vinifera,0.03100053,-0.013588488
BOUABANE_DES_AURES_ad_16.png,BOUABANE_DES_AURES_ad,rootstock,0.05853253,-0.004843008
BOUABANE_DES_AURES_ad_17.png,BOUABANE_DES_AURES_ad,rootstock,0.06272059,-0.013631718
BOUABANE_DES_AURES_ad_18.png,BOUABANE_DES_AURES_ad,wild,0.039367683,-0.012477036
BOUABANE_DES_AURES_ad_19.png,BOUABANE_DES_AURES_ad,rootstock,0.05723553,-0.016442064
BOUABANE_DES_AURES_ad_2.png,BOUABANE_DES_AURES_ad,rootstock,0.07979425,-0.021026213
BOUABANE_DES_AURES_ad_20.png,BOUABANE_DES_AURES_ad,rootstock,0.06524735,-0.0060262918
BOUABANE_DES_AURES_ad_21.png,BOUABANE_DES_AURES_ad,vinifera,0.0007127215,-0.03229474
BOUABANE_DES_AURES_ad_22.png,BOUABANE_DES_AURES_ad,rootstock,0.0399827,-0.007306414
BOUABANE_DES_AURES_ad_23.png,BOUABANE_DES_AURES_ad,vinifera,0.025100196,-0.031219464
BOUABANE_DES_AURES_ad_24.png,BOUABANE_DES_AURES_ad,rootstock,0.04084705,-0.013863965
BOUABANE_DES_AURES_ad_25.png,BOUABANE_DES_AURES_ad,rootstock,0.08321537,-0.023251757
BOUABANE_DES_AURES_ad_26.png,BOUABANE_DES_AURES_ad,rootstock,0.071776316,-0.008496059
BOUABANE_DES_AURES_ad_27.png,BOUABANE_DES_AURES_ad,rootstock,0.049118668,-0.0066916035
BOUABANE_DES_AURES_ad_28.png,BOUABANE_DES_AURES_ad,vinifera,0.03584043,-0.031218957
BOUABANE_DES_AURES_ad_29.png,BOUABANE_DES_AURES_ad,rootstock,0.0299388,-0.020399798
BOUABANE_DES_AURES_ad_3.png,BOUABANE_DES_AURES_ad,vinifera,-0.009550502,-0.019262385
BOUABANE_DES_AURES_ad_5.png,BOUABANE_DES_AURES_ad,rootstock,0.03103027,-0.02310343
BOUABANE_DES_AURES_ad_6.png,BOUABANE_DES_AURES_ad,vinifera,0.009206288,-0.012377124
BOUABANE_DES_AURES_ad_7.png,BOUABANE_DES_AURES_ad,rootstock,0.09224846,-0.019361446
BOUABANE_DES_AURES_ad_8.png,BOUABANE_DES_AURES_ad,rootstock,0.06628065,-0.01626751
BOUABANE_DES_AURES_ad_9.png,BOUABANE_DES_AURES_ad,vinifera,0.023392001,-0.010932934
ICHMOUL_BACHA_ab_1.png,ICHMOUL_BACHA_ab,vinifera,0.0050462,-0.026768008
ICHMOUL_BACHA_ab_10.png,ICHMOUL_BACHA_ab,vinifera,0.028314538,-0.01581661
ICHMOUL_BACHA_ab_11.png,ICHMOUL_BACHA_ab,wild,0.05779489,-0.0066666263
ICHMOUL_BACHA_ab_12.png,ICHMOUL_BACHA_ab,wild,0.04058488,-0.014244116
ICHMOUL_BACHA_ab_13.png,ICHMOUL_BACHA_ab,rootstock,0.061521564,-0.005100896
ICHMOUL_BACHA_ab_14.png,ICHMOUL_BACHA_ab,algeria,0.047411878,-0.0017344721
ICHMOUL_BACHA_ab_15.png,ICHMOUL_BACHA_ab,rootstock,0.05638122,-0.0043454263
ICHMOUL_BACHA_ab_16.png,ICHMOUL_BACHA_ab,vinifera,0.030864475,-0.023517989
ICHMOUL_BACHA_ab_17.png,ICHMOUL_BACHA_ab,rootstock,0.07652042,-0.005085892
ICHMOUL_BACHA_ab_18.png,ICHMOUL_BACHA_ab,rootstock,0.04126529,-0.012774203
ICHMOUL_BACHA_ab_2.png,ICHMOUL_BACHA_ab,vinifera,0.016756628,-0.02327486
ICHMOUL_BACHA_ab_3.png,ICHMOUL_BACHA_ab,vinifera,0.012870256,-0.010251396
ICHMOUL_BACHA_ab_4.png,ICHMOUL_BACHA_ab,algeria,0.03904862,-0.023702005
ICHMOUL_BACHA_ab_5.png,ICHMOUL_BACHA_ab,algeria,0.021100262,-0.009202072
ICHMOUL_BACHA_ab_6.png,ICHMOUL_BACHA_ab,rootstock,0.06659517,-0.004458883
ICHMOUL_BACHA_ab_7.png,ICHMOUL_BACHA_ab,algeria,0.051145967,-0.022821607
ICHMOUL_BACHA_ab_8.png,ICHMOUL_BACHA_ab,rootstock,0.05236024,-0.0025609194
ICHMOUL_BACHA_ab_9.png,ICHMOUL_BACHA_ab,vinifera,0.0012524871,-0.017053306
ICHMOUL_ab_1.png,ICHMOUL_ab,vinifera,0.003689701,-0.015352472
ICHMOUL_ab_10.png,ICHMOUL_ab,vinifera,0.035579503,-0.013882242
ICHMOUL_ab_11.png,ICHMOUL_ab,rootstock,0.053512603,-0.024070024
ICHMOUL_ab_12.png,ICHMOUL_ab,rootstock,0.050270583,-0.019345473
ICHMOUL_ab_13.png,ICHMOUL_ab,wild,0.094720915,-0.023298154
ICHMOUL_ab_14.png,ICHMOUL_ab,rootstock,0.062120777,-0.006778581
ICHMOUL_ab_15.png,ICHMOUL_ab,vinifera,0.02484186,-0.02563043
ICHMOUL_ab_16.png,ICHMOUL_ab,rootstock,0.07575868,-0.015816044
ICHMOUL_ab_17.png,ICHMOUL_ab,vinifera,0.038188886,-0.029053958
ICHMOUL_ab_18.png,ICHMOUL_ab,vinifera,0.0064567295,-0.019441435
ICHMOUL_ab_19.png,ICHMOUL_ab,algeria,0.03725294,-0.014147243
ICHMOUL_ab_2.png,ICHMOUL_ab,rootstock,0.05290647,0.00081838376
ICHMOUL_ab_20.png,ICHMOUL_ab,wild,0.07046616,-0.0066511356
ICHMOUL_ab_21.png,ICHMOUL_ab,rootstock,0.07921591,-0.014100329
ICHMOUL_ab_22.png,ICHMOUL_ab,vinifera,0.010469736,-0.017408006
ICHMOUL_ab_23.png,ICHMOUL_ab,vinifera,0.01996223,-0.011791179
ICHMOUL_ab_24.png,ICHMOUL_ab,wild,0.064316586,-0.007134495
ICHMOUL_ab_25.png,ICHMOUL_ab,wild,0.09133441,-0.0028800413
ICHMOUL_ab_26.png,ICHMOUL_ab,rootstock,0.042299874,-0.014551161
ICHMOUL_ab_27.png,ICHMOUL_ab,vinifera,-0.009261486,-0.010678584
ICHMOUL_ab_28.png,ICHMOUL_ab,rootstock,0.039420824,-0.025470806
ICHMOUL_ab_29.png,ICHMOUL_ab,wild,0.07274224,-0.0070068594
ICHMOUL_ab_3.png,ICHMOUL_ab,rootstock,0.056705132,-0.006030716
ICHMOUL_ab_4.png,ICHMOUL_ab,algeria,0.025493085,-0.008281605
ICHMOUL_ab_5.png,ICHMOUL_ab,vinifera,0.001919053,-0.016573304
ICHMOUL_ab_6.png,ICHMOUL_ab,rootstock,0.0397385,-0.018345412
ICHMOUL_ab_7.png,ICHMOUL_ab,vinifera,0.02683709,-0.0284307
ICHMOUL_ab_8.png,ICHMOUL_ab,rootstock,0.027953196,-0.024988085
ICHMOUL_ab_9.png,ICHMOUL_ab,algeria,0.011384205,-0.0067969467
ICHMOUL_ad_1.png,ICHMOUL_ad,rootstock,0.008666737,-0.018166976
ICHMOUL_ad_10.png,ICHMOUL_ad,vinifera,-0.012796484,-0.01672991
ICHMOUL_ad_11.png,ICHMOUL_ad,wild,0.025263974,-0.018043134
ICHMOUL_ad_12.png,ICHMOUL_ad,rootstock,0.058885384,-0.012964215
ICHMOUL_ad_13.png,ICHMOUL_ad,vinifera,-0.011596953,-0.017802328
ICHMOUL_ad_14.png,ICHMOUL_ad,rootstock,0.07135238,-0.00804248
ICHMOUL_ad_15.png,ICHMOUL_ad,rootstock,0.020854758,-0.017193247
ICHMOUL_ad_16.png,ICHMOUL_ad,rootstock,0.03486675,-0.02122851
ICHMOUL_ad_17.png,ICHMOUL_ad,vinifera,0.033679552,-0.028738646
ICHMOUL_ad_18.png,ICHMOUL_ad,rootstock,0.021046683,-0.013278596
ICHMOUL_ad_19.png,ICHMOUL_ad,vinifera,0.009361097,-0.016212283
ICHMOUL_ad_2.png,ICHMOUL_ad,rootstock,0.0066427384,-0.013035359
ICHMOUL_ad_20.png,ICHMOUL_ad,rootstock,0.028568657,-0.013210146
ICHMOUL_ad_21.png,ICHMOUL_ad,wild,0.05749027,-0.0036609247
ICHMOUL_ad_22.png,ICHMOUL_ad,wild,0.031608712,-0.0067154276
ICHMOUL_ad_23.png,ICHMOUL_ad,rootstock,0.012706335,-0.023146933
ICHMOUL_ad_24.png,ICHMOUL_ad,rootstock,0.0037614277,-0.019221496
ICHMOUL_ad_25.png,ICHMOUL_ad,vinifera,0.021962296,-0.03383813
ICHMOUL_ad_26.png,ICHMOUL_ad,wild,0.030301755,-0.009825857
ICHMOUL_ad_27.png,ICHMOUL_ad,vinifera,0.022185378,-0.028683813
ICHMOUL_ad_28.png,ICHMOUL_ad,vinifera,0.03145985,-0.030843247
ICHMOUL_ad_29.png,ICHMOUL_ad,vinifera,0.028620139,-0.013562759
ICHMOUL_ad_3.png,ICHMOUL_ad,rootstock,0.037415195,-0.017535454
ICHMOUL_ad_4.png,ICHMOUL_ad,rootstock,0.015728334,-0.008422628
ICHMOUL_ad_5.png,ICHMOUL_ad,vinifera,0.013083489,-0.021210767
ICHMOUL_ad_6.png,ICHMOUL_ad,rootstock,0.09043598,-0.012407122
ICHMOUL_ad_7.png,ICHMOUL_ad,vinifera,0.016811086,-0.032786667
ICHMOUL_ad_8.png,ICHMOUL_ad,vinifera,0.033787414,-0.01461526
ICHMOUL_ad_9.png,ICHMOUL_ad,rootstock,0.06829736,-0.008952305
LOULI_ab_1.png,LOULI_ab,algeria,0.0044013686,-0.008603632
LOULI_ab_10.png,LOULI_ab,wild,0.043235954,-0.013432463
LOULI_ab_11.png,LOULI_ab,wild,0.064062,-0.002196434
LOULI_ab_12.png,LOULI_ab,dissected,0.0021848925,0.0030205084
LOULI_ab_13.png,LOULI_ab,rootstock,0.030549211,-0.015998326
LOULI_ab_14.png,LOULI_ab,wild,0.04659092,0.014908493
LOULI_ab_15.png,LOULI_ab,algeria,0.018297844,-0.009791209
LOULI_ab_16.png,LOULI_ab,rootstock,0.022110092,-0.014415997
LOULI_ab_17.png,LOULI_ab,wild,0.032489352,0.0051148287
LOULI_ab_18.png,LOULI_ab,rootstock,0.055766936,-0.01530402
LOULI_ab_19.png,LOULI_ab,rootstock,0.013375127,-0.019170927
LOULI_ab_2.png,LOULI_ab,rootstock,0.0069774576,-0.032700945
LOULI_ab_20.png,LOULI_ab,rootstock,0.06960234,-0.021478489
LOULI_ab_21.png,LOULI_ab,vinifera,0.035479546,-0.018429283
LOULI_ab_22.png,LOULI_ab,algeria,0.012937821,0.0016566527
LOULI_ab_23.png,LOULI_ab,wild,0.06762004,-0.018623704
LOULI_ab_24.png,LOULI_ab,rootstock,0.07856678,-0.014941748
LOULI_ab_25.png,LOULI_ab,rootstock,0.012109216,-0.02326689
LOULI_ab_26.png,LOULI_ab,wild,0.07750868,0.007386205
LOULI_ab_27.png,LOULI_ab,rootstock,0.041815035,-0.015423833
LOULI_ab_28.png,LOULI_ab,rootstock,0.039766874,-0.013508428
LOULI_ab_29.png,LOULI_ab,algeria,0.035700973,-0.007091788
LOULI_ab_3.png,LOULI_ab,algeria,0.037398208,-0.014322233
LOULI_ab_30.png,LOULI_ab,vinifera,0.0016884484,-0.009838552
LOULI_ab_31.png,LOULI_ab,vinifera,0.012221705,-0.033695318
LOULI_ab_32.png,LOULI_ab,rootstock,0.06898872,-0.014930817
LOULI_ab_33.png,LOULI_ab,rootstock,0.047193598,-0.009646339
LOULI_ab_34.png,LOULI_ab,rootstock,0.08970108,-0.026916467
LOULI_ab_35.png,LOULI_ab,vinifera,0.00019584975,-0.02787875
LOULI_ab_36.png,LOULI_ab,wild,0.015563074,-0.003814383
LOULI_ab_37.png,LOULI_ab,wild,0.06277788,-0.004926349
LOULI_ab_38.png,LOULI_ab,rootstock,0.016475046,-0.005800065
LOULI_ab_39.png,LOULI_ab,algeria,0.040976163,-0.015351231
LOULI_ab_4.png,LOULI_ab,algeria,0.016069032,-0.009834843
LOULI_ab_40.png,LOULI_ab,vinifera,0.015933508,-0.027789572
LOULI_ab_41.png,LOULI_ab,rootstock,0.043461937,-0.018440753
LOULI_ab_42.png,LOULI_ab,rootstock,0.09098664,-0.017685832
LOULI_ab_43.png,LOULI_ab,rootstock,0.040856753,-0.008431112
LOULI_ab_44.png,LOULI_ab,rootstock,0.042005736,-0.008579713
LOULI_ab_45.png,LOULI_ab,vinifera,0.010768173,-0.02624851
LOULI_ab_46.png,LOULI_ab,rootstock,0.01817619,-0.018493876
LOULI_ab_47.png,LOULI_ab,rootstock,0.04732935,-0.003553775
LOULI_ab_48.png,LOULI_ab,rootstock,0.071801126,-0.019696742
LOULI_ab_49.png,LOULI_ab,rootstock,0.027950166,-0.02477676
LOULI_ab_5.png,LOULI_ab,algeria,0.040710386,-0.026028292
LOULI_ab_50.png,LOULI_ab,vinifera,0.019510789,-0.029867193
LOULI_ab_51.png,LOULI_ab,rootstock,0.06777212,-0.0056774216
LOULI_ab_52.png,LOULI_ab,rootstock,0.10156645,-0.0262581
LOULI_ab_53.png,LOULI_ab,rootstock,0.054442927,-0.007880316
LOULI_ab_6.png,LOULI_ab,wild,0.08202008,0.013175794
LOULI_ab_7.png,LOULI_ab,vinifera,0.010936344,-0.035469916
LOULI_ab_8.png,LOULI_ab,rootstock,0.052711155,-0.0030587988
LOULI_ab_9.png,LOULI_ab,rootstock,0.054350507,-0.0055656675
TIZI_OUININE_ab_1.png,TIZI_OUININE_ab,rootstock,0.045843452,-0.010691288
TIZI_OUININE_ab_10.png,TIZI_OUININE_ab,rootstock,-0.008177905,-0.013554058
TIZI_OUININE_ab_11.png,TIZI_OUININE_ab,rootstock,0.09244267,-0.017545354
TIZI_OUININE_ab_12.png,TIZI_OUININE_ab,rootstock,0.057527788,-0.0076436354
TIZI_OUININE_ab_13.png,TIZI_OUININE_ab,rootstock,0.056569733,-0.004989122
TIZI_OUININE_ab_14.png,TIZI_OUININE_ab,algeria,0.026020562,0.0015478268
TIZI_OUININE_ab_15.png,TIZI_OUININE_ab,wild,0.020382544,0.0038701966
TIZI_OUININE_ab_16.png,TIZI_OUININE_ab,rootstock,0.0042048423,-0.008793521
TIZI_OUININE_ab_17.png,TIZI_OUININE_ab,rootstock,0.04538533,-0.01127297
TIZI_OUININE_ab_18.png,TIZI_OUININE_ab,algeria,0.040710386,-0.026028292
TIZI_OUININE_ab_19.png,TIZI_OUININE_ab,wild,0.07849759,-0.0010893472
TIZI_OUININE_ab_2.png,TIZI_OUININE_ab,rootstock,0.030237619,-0.0018732985
TIZI_OUININE_ab_20.png,TIZI_OUININE_ab,rootstock,-0.005387301,-0.010073445
TIZI_OUININE_ab_21.png,TIZI_OUININE_ab,rootstock,0.050618466,-0.014774422
TIZI_OUININE_ab_22.png,TIZI_OUININE_ab,rootstock,0.049707685,-0.018031651
TIZI_OUININE_ab_23.png,TIZI_OUININE_ab,vinifera,0.014371939,-0.01868243
TIZI_OUININE_ab_24.png,TIZI_OUININE_ab,rootstock,0.09479862,-0.01605197
TIZI_OUININE_ab_25.png,TIZI_OUININE_ab,algeria,0.012930132,-0.007108447
TIZI_OUININE_ab_26.png,TIZI_OUININE_ab,algeria,0.0018647694,-0.0053629912
TIZI_OUININE_ab_27.png,TIZI_OUININE_ab,rootstock,0.008574102,-0.009000806
TIZI_OUININE_ab_28.png,TIZI_OUININE_ab,wild,0.09171297,-0.017057303
TIZI_OUININE_ab_29.png,TIZI_OUININE_ab,rootstock,0.027983265,-0.002846231
TIZI_OUININE_ab_3.png,TIZI_OUININE_ab,wild,0.07797633,-0.012277306
TIZI_OUININE_ab_30.png,TIZI_OUININE_ab,rootstock,0.043585047,-0.009640977
TIZI_OUININE_ab_31.png,TIZI_OUININE_ab,rootstock,0.07444592,-0.017817587
TIZI_OUININE_ab_32.png,TIZI_OUININE_ab,rootstock,0.09838407,-0.020840056
TIZI_OUININE_ab_33.png,TIZI_OUININE_ab,vinifera,0.028437315,-0.026981207
TIZI_OUININE_ab_34.png,TIZI_OUININE_ab,algeria,0.047385864,-0.015951524
TIZI_OUININE_ab_35.png,TIZI_OUININE_ab,rootstock,0.06630215,-0.008468584
TIZI_OUININE_ab_36.png,TIZI_OUININE_ab,rootstock,0.014396326,-0.002433626
TIZI_OUININE_ab_37.png,TIZI_OUININE_ab,rootstock,0.054749027,-0.008944132
TIZI_OUININE_ab_38.png,TIZI_OUININE_ab,rootstock,0.06564322,-0.014961279
TIZI_OUININE_ab_39.png,TIZI_OUININE_ab,wild,0.028901173,-0.017146606
TIZI_OUININE_ab_4.png,TIZI_OUININE_ab,rootstock,0.076139405,-0.008460833
TIZI_OUININE_ab_40.png,TIZI_OUININE_ab,rootstock,0.0989441,-0.018201768
TIZI_OUININE_ab_41.png,TIZI_OUININE_ab,algeria,0.0017338425,-0.00532692
TIZI_OUININE_ab_42.png,TIZI_OUININE_ab,vinifera,-0.010425926,-0.026257066
TIZI_OUININE_ab_43.png,TIZI_OUININE_ab,rootstock,0.03607317,-0.0077088918
TIZI_OUININE_ab_44.png,TIZI_OUININE_ab,rootstock,0.051879354,-0.010243294
TIZI_OUININE_ab_45.png,TIZI_OUININE_ab,vinifera,0.027955133,-0.011950591
TIZI_OUININE_ab_46.png,TIZI_OUININE_ab,wild,0.027259702,0.0055342647
TIZI_OUININE_ab_47.png,TIZI_OUININE_ab,rootstock,0.03857589,-0.022614889
TIZI_OUININE_ab_48.png,TIZI_OUININE_ab,rootstock,0.059198007,-0.0033543198
TIZI_OUININE_ab_49.png,TIZI_OUININE_ab,rootstock,0.042738933,-0.014531649
TIZI_OUININE_ab_5.png,TIZI_OUININE_ab,wild,0.08459533,-0.015067783
TIZI_OUININE_ab_50.png,TIZI_OUININE_ab,vinifera,-0.014302079,-0.010224203
TIZI_OUININE_ab_51.png,TIZI_OUININE_ab,wild,0.059621412,0.008873844
TIZI_OUININE_ab_52.png,TIZI_OUININE_ab,vinifera,0.00076168234,-0.009192118
TIZI_OUININE_ab_53.png,TIZI_OUININE_ab,vinifera,-0.012525808,-0.009784987
TIZI_OUININE_ab_54.png,TIZI_OUININE_ab,wild,0.09801465,-0.01581605
TIZI_OUININE_ab_55.png,TIZI_OUININE_ab,wild,0.07258054,-0.006195089
TIZI_OUININE_ab_6.png,TIZI_OUININE_ab,rootstock,0.064043246,-0.030038029
TIZI_OUININE_ab_7.png,TIZI_OUININE_ab,wild,0.039815314,-0.009996904
TIZI_OUININE_ab_8.png,TIZI_OUININE_ab,algeria,0.024076244,-0.014060928
TIZI_OUININE_ab_9.png,TIZI_OUININE_ab,rootstock,0.07791529,-0.01522302
